,Id,SalePrice
0,1461.0,123536.2003560086
1,1462.0,217960.8512621869
2,1463.0,177087.73761693877
3,1464.0,186894.1544108442
4,1465.0,187910.44547542778
5,1466.0,170912.3961397173
6,1467.0,183622.69293713046
7,1468.0,156105.07227608399
8,1469.0,205301.57489723107
9,1470.0,100086.65594569617
10,1471.0,192079.32674785913
11,1472.0,100437.9649136163
12,1473.0,92834.39367131202
13,1474.0,149892.97307122312
14,1475.0,108073.46190920041
15,1476.0,341806.1058791168
16,1477.0,252611.83153507882
17,1478.0,287796.4553157537
18,1479.0,283194.5121093743
19,1480.0,451590.95324914146
20,1481.0,295186.25944970956
21,1482.0,214758.9500442954
22,1483.0,177757.25360670756
23,1484.0,169350.48780321307
24,1485.0,182050.57347078552
25,1486.0,205482.91633080575
26,1487.0,296327.14252718235
27,1488.0,251681.9685932143
28,1489.0,204577.29090453289
29,1490.0,237983.41425092134
30,1491.0,202414.33082032204
31,1492.0,100427.56910607265
32,1493.0,195417.90654512227
33,1494.0,285694.9436605653
34,1495.0,269272.53560745297
35,1496.0,243215.62088030553
36,1497.0,176989.5188663837
37,1498.0,171810.12058828527
38,1499.0,155898.47893885674
39,1500.0,155541.66234707565
40,1501.0,215831.15119154297
41,1502.0,151976.54016627616
42,1503.0,309597.5801932885
43,1504.0,242038.87999568158
44,1505.0,226011.39238266298
45,1506.0,199750.8744572309
46,1507.0,261376.94095668092
47,1508.0,209969.3349492941
48,1509.0,152646.41696544865
49,1510.0,136233.77021125506
50,1511.0,157921.62546094798
51,1512.0,175124.01378200308
52,1513.0,144406.94700962724
53,1514.0,164981.6293574127
54,1515.0,213259.11389052926
55,1516.0,176808.9215849773
56,1517.0,179687.82593150844
57,1518.0,124750.86596092989
58,1519.0,235920.00988781988
59,1520.0,120954.11043973814
60,1521.0,123925.82714507298
61,1522.0,195684.6470778623
62,1523.0,90790.36969784962
63,1524.0,105200.73049199022
64,1525.0,105427.47676382877
65,1526.0,102571.66290757142
66,1527.0,97257.91665205837
67,1528.0,138741.30198951287
68,1529.0,156673.0211136653
69,1530.0,202892.38550415402
70,1531.0,159666.81275784946
71,1532.0,118258.99631504831
72,1533.0,176681.9950321376
73,1534.0,117364.58283977478
74,1535.0,164111.03250118636
75,1536.0,115104.55871395487
76,1537.0,46363.576747804065
77,1538.0,176662.6260540533
78,1539.0,209133.41773044493
79,1540.0,123778.60567749746
80,1541.0,134122.15318003308
81,1542.0,184268.11342135945
82,1543.0,210488.06729167548
83,1544.0,87214.22304924694
84,1545.0,114791.19440389122
85,1546.0,146002.06098669278
86,1547.0,161272.65861580602
87,1548.0,138947.94047866168
88,1549.0,122041.80025225214
89,1550.0,140563.98130056588
90,1551.0,123767.05749431951
91,1552.0,158628.82362473023
92,1553.0,170832.8859364799
93,1554.0,114798.58242225065
94,1555.0,188097.2551084956
95,1556.0,113756.2598567413
96,1557.0,105689.29081627738
97,1558.0,77431.30516749166
98,1559.0,93640.59221045056
99,1560.0,144258.49418285384
100,1561.0,122666.84394160041
101,1562.0,129239.4348885977
102,1563.0,117402.15487965534
103,1564.0,165258.5543197589
104,1565.0,137083.5250057188
105,1566.0,258714.2640482731
106,1567.0,52669.03814925242
107,1568.0,228287.06433616078
108,1569.0,134473.64555437933
109,1570.0,134367.61404024018
110,1571.0,108947.51203976513
111,1572.0,140032.39650120644
112,1573.0,279348.5894503498
113,1574.0,122781.00671550503
114,1575.0,244425.7310712852
115,1576.0,252292.63174684567
116,1577.0,195818.60902259068
117,1578.0,124007.80395288614
118,1579.0,136661.89858615806
119,1580.0,193894.32839166385
120,1581.0,166487.49580599845
121,1582.0,117426.04951535154
122,1583.0,308675.60884009395
123,1584.0,232214.60085175617
124,1585.0,143609.80632027413
125,1586.0,61707.591154771275
126,1587.0,86371.20542929892
127,1588.0,165171.24383249064
128,1589.0,104976.06038149993
129,1590.0,123823.7281380234
130,1591.0,89674.09219727025
131,1592.0,126726.24839951785
132,1593.0,114768.32201923802
133,1594.0,160088.78595642734
134,1595.0,127121.96286619897
135,1596.0,240324.3475552454
136,1597.0,177822.82015363255
137,1598.0,179010.34177042462
138,1599.0,190933.74572752614
139,1600.0,180127.64555535652
140,1601.0,35445.7683825721
141,1602.0,114132.91081280028
142,1603.0,65439.575655294815
143,1604.0,275237.5764507615
144,1605.0,246252.4288083458
145,1606.0,161803.9414295113
146,1607.0,169448.5368816111
147,1608.0,210617.90190335934
148,1609.0,194140.8593095292
149,1610.0,133373.61408639362
150,1611.0,137547.82684575906
151,1612.0,186959.42167223862
152,1613.0,163996.6365223307
153,1614.0,125626.77352926764
154,1615.0,91319.71338220045
155,1616.0,61565.55416978651
156,1617.0,69654.3588197832
157,1618.0,110187.80517140648
158,1619.0,139895.17341412068
159,1620.0,177123.15611374204
160,1621.0,140455.3720403203
161,1622.0,140201.3698510233
162,1623.0,276296.2489825372
163,1624.0,222729.97865212325
164,1625.0,107117.6429586634
165,1626.0,178184.40113123355
166,1627.0,188873.81266193104
167,1628.0,282765.0574115809
168,1629.0,164308.72534067277
169,1630.0,326484.33444570587
170,1631.0,201742.96599218703
171,1632.0,224147.279977769
172,1633.0,170097.95771121338
173,1634.0,185221.2320979127
174,1635.0,178835.28513346717
175,1636.0,145360.7411451101
176,1637.0,201731.84524844063
177,1638.0,209181.51713118318
178,1639.0,171110.2108332907
179,1640.0,259434.85023250233
180,1641.0,173484.96365703468
181,1642.0,247687.23523636337
182,1643.0,223099.95084126678
183,1644.0,228862.4179149596
184,1645.0,218605.03929633845
185,1646.0,162471.17818035546
186,1647.0,148711.26998136158
187,1648.0,125471.41707493796
188,1649.0,141131.2766173504
189,1650.0,108300.01317292464
190,1651.0,106168.55362512323
191,1652.0,97335.03834267391
192,1653.0,101220.02997212787
193,1654.0,158123.08993498457
194,1655.0,144715.47070462955
195,1656.0,143576.8211344498
196,1657.0,159695.0002581029
197,1658.0,159023.9867693329
198,1659.0,114189.74334723351
199,1660.0,156735.6096783263
200,1661.0,413682.0138859103
201,1662.0,343611.56881886045
202,1663.0,357492.427048067
203,1664.0,307667.6421873501
204,1665.0,294944.2615357111
205,1666.0,320394.6457275284
206,1667.0,346007.9897861405
207,1668.0,332365.39020374336
208,1669.0,286867.63861063484
209,1670.0,326805.8857004866
210,1671.0,266038.077938595
211,1672.0,387866.7936007186
212,1673.0,283713.95951942157
213,1674.0,247278.3907741874
214,1675.0,209824.86215361021
215,1676.0,209783.24372260028
216,1677.0,214064.06788180128
217,1678.0,447447.95020728395
218,1679.0,355209.7581868352
219,1680.0,317381.1775800809
220,1681.0,255339.30591495184
221,1682.0,295106.0234218398
222,1683.0,187830.55141985696
223,1684.0,178337.4950798127
224,1685.0,185388.28510160802
225,1686.0,173665.23202369397
226,1687.0,167110.7824144155
227,1688.0,199216.25955889584
228,1689.0,202908.46023136855
229,1690.0,203385.202038973
230,1691.0,189039.17831612763
231,1692.0,243887.78062218986
232,1693.0,168285.64138387365
233,1694.0,173807.40477346175
234,1695.0,147965.89943362284
235,1696.0,265806.0218710818
236,1697.0,145833.84178090328
237,1698.0,322577.79838199576
238,1699.0,328692.63032449444
239,1700.0,249182.73694354063
240,1701.0,270144.2082137227
241,1702.0,246063.8373852712
242,1703.0,231771.02113518957
243,1704.0,280721.80405210797
244,1705.0,259472.2934853473
245,1706.0,297429.728253745
246,1707.0,206296.88233543118
247,1708.0,208004.85568558495
248,1709.0,268616.6406555172
249,1710.0,237085.39697401947
250,1711.0,274768.30883959273
251,1712.0,266565.7224934469
252,1713.0,263885.96815631015
253,1714.0,221445.26963275357
254,1715.0,211317.1713897147
255,1716.0,186471.80926369887
256,1717.0,178328.5153723167
257,1718.0,142534.34106934606
258,1719.0,221789.67476510664
259,1720.0,266968.5898477916
260,1721.0,162484.26222382346
261,1722.0,121642.7092305168
262,1723.0,145239.4778744172
263,1724.0,216329.38718368893
264,1725.0,232883.65063631127
265,1726.0,192418.10336442362
266,1727.0,156881.5296388506
267,1728.0,165085.96799159062
268,1729.0,152534.42686637444
269,1730.0,162947.64909758454
270,1731.0,121075.00639265345
271,1732.0,125576.92210432503
272,1733.0,100012.72969788709
273,1734.0,124280.20449231239
274,1735.0,120783.37533700338
275,1736.0,95324.24589084461
276,1737.0,309198.90301727725
277,1738.0,233476.62576946116
278,1739.0,265470.8902387171
279,1740.0,238860.4370254653
280,1741.0,208475.63000844896
281,1742.0,186868.3208837395
282,1743.0,191818.78517901513
283,1744.0,312040.5777124007
284,1745.0,231980.97839434596
285,1746.0,191853.79918244423
286,1747.0,220518.5965284832
287,1748.0,209827.19186565687
288,1749.0,164467.35297693464
289,1750.0,144594.5188308464
290,1751.0,266928.78590655595
291,1752.0,107710.0135089138
292,1753.0,156777.31175418245
293,1754.0,211948.35993198142
294,1755.0,182526.67672771844
295,1756.0,122687.58424256707
296,1757.0,114610.54575139144
297,1758.0,135460.58373819513
298,1759.0,155933.21935914096
299,1760.0,164606.87281753425
300,1761.0,176379.81463460834
301,1762.0,178732.70099793293
302,1763.0,172154.808806667
303,1764.0,93313.84704739426
304,1765.0,208366.62739433278
305,1766.0,185945.81970723288
306,1767.0,226595.8160044871
307,1768.0,141027.90058883606
308,1769.0,175455.17643114808
309,1770.0,162245.29145072342
310,1771.0,116514.71035252803
311,1772.0,149197.01990782295
312,1773.0,139190.54917053168
313,1774.0,161455.67773992522
314,1775.0,136790.11252792377
315,1776.0,117019.75622356427
316,1777.0,86618.32296061586
317,1778.0,150143.55138312513
318,1779.0,142353.15502300137
319,1780.0,176466.41039857396
320,1781.0,118139.75812812115
321,1782.0,55534.42408573767
322,1783.0,141215.9478893804
323,1784.0,89719.18745411176
324,1785.0,128064.17552145047
325,1786.0,151139.55207797512
326,1787.0,178140.77328481607
327,1788.0,30321.87607571087
328,1789.0,106047.15521437163
329,1790.0,53644.17817729362
330,1791.0,223388.46666326467
331,1792.0,161083.52159968892
332,1793.0,117286.35928429582
333,1794.0,181781.5927383746
334,1795.0,147190.8142064507
335,1796.0,125855.5208984135
336,1797.0,149545.2178481249
337,1798.0,112375.77632107201
338,1799.0,85594.01698553876
339,1800.0,108996.84251146496
340,1801.0,126131.47266435355
341,1802.0,143219.14868783846
342,1803.0,154504.0114954654
343,1804.0,136226.19014439906
344,1805.0,134380.79604655842
345,1806.0,126670.86084570154
346,1807.0,146284.16155853542
347,1808.0,112580.08859818988
348,1809.0,134763.52635528496
349,1810.0,138749.40401765343
350,1811.0,71788.82738263346
351,1812.0,99444.3978556717
352,1813.0,122324.46578913042
353,1814.0,68011.62959852011
354,1815.0,42620.84497261571
355,1816.0,89168.64281441388
356,1817.0,110218.33435307606
357,1818.0,160420.1525528204
358,1819.0,120017.23448640143
359,1820.0,53505.83429374383
360,1821.0,109162.23462604778
361,1822.0,150880.65335081285
362,1823.0,34702.18972681905
363,1824.0,128789.95952461706
364,1825.0,129065.81472762348
365,1826.0,95409.60994353401
366,1827.0,96243.86884494114
367,1828.0,140007.3121279272
368,1829.0,130999.46677575761
369,1830.0,158095.4494864907
370,1831.0,148758.69932198455
371,1832.0,88998.28938256053
372,1833.0,144491.34756478562
373,1834.0,121913.2027834591
374,1835.0,168031.618635842
375,1836.0,129303.8927348007
376,1837.0,122634.0735901054
377,1838.0,141910.21112449432
378,1839.0,67342.67505100637
379,1840.0,162119.351319878
380,1841.0,125960.03723852022
381,1842.0,70627.15267467883
382,1843.0,142073.17785844475
383,1844.0,116262.69964361575
384,1845.0,121532.02963586024
385,1846.0,142446.2134609957
386,1847.0,159365.4488353253
387,1848.0,23896.73569170339
388,1849.0,100813.33284292126
389,1850.0,117762.70918024902
390,1851.0,172558.32331154484
391,1852.0,127015.73855262133
392,1853.0,133322.115438089
393,1854.0,171398.70525905583
394,1855.0,141694.37470720115
395,1856.0,224879.85738657915
396,1857.0,161698.3648729364
397,1858.0,154685.83998400404
398,1859.0,111901.89607928775
399,1860.0,176397.85676034447
400,1861.0,111115.05910424073
401,1862.0,272099.141103087
402,1863.0,272859.4859879868
403,1864.0,272875.13927444397
404,1865.0,366958.41273390944
405,1866.0,331765.4919096468
406,1867.0,229402.76370716363
407,1868.0,313992.13935129985
408,1869.0,222252.87708037545
409,1870.0,228122.0443428097
410,1871.0,265191.67632159207
411,1872.0,184669.6749971183
412,1873.0,235910.3835189346
413,1874.0,123772.4984218037
414,1875.0,187810.20816590323
415,1876.0,189505.43288801739
416,1877.0,211945.49855284276
417,1878.0,224370.97625345597
418,1879.0,118897.91963528038
419,1880.0,112354.41980510368
420,1881.0,263365.5610056446
421,1882.0,251573.6191048111
422,1883.0,174886.83447525918
423,1884.0,206197.9625687165
424,1885.0,252330.29025552992
425,1886.0,290444.41097598604
426,1887.0,224076.7607857784
427,1888.0,266853.901777216
428,1889.0,170810.49316434504
429,1890.0,116192.07351618668
430,1891.0,117862.85565737181
431,1892.0,81632.37233033706
432,1893.0,122966.26018787012
433,1894.0,119877.7824743262
434,1895.0,153987.50193897623
435,1896.0,133558.23284472746
436,1897.0,133623.11837408214
437,1898.0,123190.9127974906
438,1899.0,153851.7539272752
439,1900.0,139653.97406728915
440,1901.0,163869.89043507096
441,1902.0,137446.89877972065
442,1903.0,206189.23160674924
443,1904.0,150818.436153349
444,1905.0,193875.75686563482
445,1906.0,131070.6204837187
446,1907.0,216758.27379783744
447,1908.0,96436.34168143489
448,1909.0,141066.40349314653
449,1910.0,118341.14533886116
450,1911.0,187400.70549249952
451,1912.0,301951.7475581482
452,1913.0,167500.54127335874
453,1914.0,53327.94807371765
454,1915.0,304093.6576830363
455,1916.0,65183.86030250101
456,1917.0,251532.12096720014
457,1918.0,132905.4872395189
458,1919.0,184025.22989080183
459,1920.0,180491.19222740224
460,1921.0,365132.0415018712
461,1922.0,313920.4009701706
462,1923.0,241551.2528432021
463,1924.0,232787.64640668477
464,1925.0,222236.4204454763
465,1926.0,370302.77989151946
466,1927.0,137346.81271148706
467,1928.0,151349.48832957481
468,1929.0,125425.94554130791
469,1930.0,117336.20576065988
470,1931.0,146215.25026164332
471,1932.0,143593.8129783211
472,1933.0,194945.8186291625
473,1934.0,170809.61339823727
474,1935.0,163941.01590707595
475,1936.0,196314.3605248587
476,1937.0,175921.26361828495
477,1938.0,177945.45735352533
478,1939.0,251566.40818596887
479,1940.0,181593.41984788503
480,1941.0,181806.11303531204
481,1942.0,184636.45694764715
482,1943.0,203171.4124084029
483,1944.0,316386.86302594456
484,1945.0,336518.34889432346
485,1946.0,188074.82143503532
486,1947.0,184439.78723683592
487,1948.0,201540.7004175349
488,1949.0,253890.52233340428
489,1950.0,192454.19444801717
490,1951.0,281554.6584546488
491,1952.0,256792.09990290587
492,1953.0,191209.77496662585
493,1954.0,195563.35593154503
494,1955.0,138044.29697996308
495,1956.0,350604.33386338816
496,1957.0,149392.24842423876
497,1958.0,293271.8258385401
498,1959.0,140348.5088605875
499,1960.0,100413.28360915033
500,1961.0,119482.20985803835
501,1962.0,94855.28077714099
502,1963.0,112280.82790288981
503,1964.0,98658.43135106633
504,1965.0,152755.29936412873
505,1966.0,133813.69705880305
506,1967.0,299443.9210413232
507,1968.0,388455.44397472835
508,1969.0,351030.3217155179
509,1970.0,374485.5749729051
510,1971.0,406824.31167468964
511,1972.0,350857.8524698451
512,1973.0,286265.77277478774
513,1974.0,307882.1713792385
514,1975.0,525706.362680945
515,1976.0,272438.9633189606
516,1977.0,356513.359182977
517,1978.0,322633.9938937124
518,1979.0,316358.3723081788
519,1980.0,205846.01484162977
520,1981.0,343877.837061842
521,1982.0,215837.55541505595
522,1983.0,207023.8906799421
523,1984.0,180465.78125369851
524,1985.0,224558.84093607543
525,1986.0,214418.79830266128
526,1987.0,199455.63216090854
527,1988.0,181880.11283042643
528,1989.0,201180.4368535442
529,1990.0,219077.22915167443
530,1991.0,231825.39292727283
531,1992.0,245348.83239528094
532,1993.0,157169.5689249891
533,1994.0,238589.70694318262
534,1995.0,179885.4703775748
535,1996.0,292397.7076726067
536,1997.0,291081.0474188718
537,1998.0,307851.3488687832
538,1999.0,280636.39563608204
539,2000.0,299055.2895650441
540,2001.0,292231.58171036374
541,2002.0,234902.14760105766
542,2003.0,256280.87385187775
543,2004.0,303077.771489162
544,2005.0,222950.0987472037
545,2006.0,225528.8706357699
546,2007.0,249801.02645125822
547,2008.0,233901.18910282163
548,2009.0,199647.99103825178
549,2010.0,201580.09957069962
550,2011.0,131742.0232060107
551,2012.0,174237.83380462194
552,2013.0,180256.18813006184
553,2014.0,197753.9035786991
554,2015.0,219233.40818834293
555,2016.0,196375.37267326366
556,2017.0,210568.36950579972
557,2018.0,96380.87330449722
558,2019.0,135862.09132971533
559,2020.0,86840.76868339651
560,2021.0,102706.0996205043
561,2022.0,187941.5647576236
562,2023.0,151634.33985918912
563,2024.0,280659.36768799694
564,2025.0,354397.34601947607
565,2026.0,182700.82135728828
566,2027.0,161305.9125278457
567,2028.0,166707.34412344347
568,2029.0,170716.51486748282
569,2030.0,267249.34358332865
570,2031.0,246331.13997217303
571,2032.0,255725.70526836917
572,2033.0,251751.81376252358
573,2034.0,169371.36821705208
574,2035.0,214306.2567788359
575,2036.0,218386.83561661106
576,2037.0,222456.6459610049
577,2038.0,308207.47242033004
578,2039.0,215119.93484729074
579,2040.0,357052.86541980784
580,2041.0,267750.7819546721
581,2042.0,187333.42083645205
582,2043.0,170277.0235819657
583,2044.0,192733.06379779556
584,2045.0,216351.76102797652
585,2046.0,131398.8560576915
586,2047.0,137932.4933887868
587,2048.0,146469.31523200532
588,2049.0,132198.91202499403
589,2050.0,176178.26695008378
590,2051.0,110875.06310964178
591,2052.0,111148.94147265493
592,2053.0,135918.4147440272
593,2054.0,94704.79730360408
594,2055.0,147934.5162935577
595,2056.0,132940.3201426929
596,2057.0,110011.97312136588
597,2058.0,222656.74255642737
598,2059.0,123804.70131152973
599,2060.0,180572.67462400254
600,2061.0,177884.1583977245
601,2062.0,114937.35038172815
602,2063.0,107611.85953976389
603,2064.0,138979.3504071018
604,2065.0,107144.69657975773
605,2066.0,178630.25997227384
606,2067.0,103636.13241962274
607,2068.0,135554.71292635833
608,2069.0,90613.98997347103
609,2070.0,104587.47985802894
610,2071.0,85536.62996956159
611,2072.0,160149.39441020414
612,2073.0,134660.74456770997
613,2074.0,215635.84680739825
614,2075.0,146206.2306499515
615,2076.0,114835.4617014844
616,2077.0,156509.28012704884
617,2078.0,109465.81631415046
618,2079.0,145020.20535642782
619,2080.0,112160.31110309972
620,2081.0,111020.2773760762
621,2082.0,151480.49394430686
622,2083.0,151188.20438140875
623,2084.0,94286.21954926266
624,2085.0,93711.25652296166
625,2086.0,106521.11858681368
626,2087.0,117777.48680803494
627,2088.0,92187.53548117809
628,2089.0,44802.73931962706
629,2090.0,134122.24370132713
630,2091.0,96014.818888798
631,2092.0,122959.56989277026
632,2093.0,145806.9207609312
633,2094.0,133985.92492700985
634,2095.0,150033.2729777674
635,2096.0,69886.76869062649
636,2097.0,87455.25399720692
637,2098.0,147004.75617475156
638,2099.0,20637.949113014853
639,2100.0,29576.97357194498
640,2101.0,88017.801168493
641,2102.0,144843.14775513753
642,2103.0,87649.12631017657
643,2104.0,143188.71130535484
644,2105.0,143513.31767711695
645,2106.0,5311.589606931433
646,2107.0,200677.61382632086
647,2108.0,101453.10136711271
648,2109.0,89035.064000424
649,2110.0,123578.17663510621
650,2111.0,229207.0376935628
651,2112.0,132140.61736974644
652,2113.0,119406.92891355196
653,2114.0,154441.22817372752
654,2115.0,168547.07479795162
655,2116.0,107845.24024684238
656,2117.0,149223.93551567837
657,2118.0,111749.36120666668
658,2119.0,96957.51364908821
659,2120.0,115105.83792500908
660,2121.0,100786.98619878816
661,2122.0,107112.16318152973
662,2123.0,78239.71937735123
663,2124.0,166888.03991266678
664,2125.0,143132.33603078534
665,2126.0,145546.13875307806
666,2127.0,193410.99825529754
667,2128.0,155314.2437565294
668,2129.0,72649.53375360894
669,2130.0,139986.83404526685
670,2131.0,144458.45190499653
671,2132.0,121996.0971920829
672,2133.0,111823.80116282299
673,2134.0,135503.35008883616
674,2135.0,85790.64434461272
675,2136.0,59850.80431218096
676,2137.0,115401.22561385145
677,2138.0,155860.31016648025
678,2139.0,124112.12105702527
679,2140.0,141713.93271395273
680,2141.0,145255.13013772422
681,2142.0,118638.96227235894
682,2143.0,132438.96826997702
683,2144.0,139442.25248380436
684,2145.0,139024.8409658306
685,2146.0,170065.38323989243
686,2147.0,163355.79886838095
687,2148.0,142877.5273464868
688,2149.0,162234.74917218392
689,2150.0,234844.4158773158
690,2151.0,118143.19094695721
691,2152.0,206510.39075216034
692,2153.0,187396.42783126736
693,2154.0,109194.12665569794
694,2155.0,139955.04444605391
695,2156.0,278109.80404531176
696,2157.0,246339.4640660917
697,2158.0,232237.40162008174
698,2159.0,215159.90937116148
699,2160.0,198589.3243154569
700,2161.0,254372.87265669787
701,2162.0,409720.0396542194
702,2163.0,364309.2462247637
703,2164.0,239223.0184129345
704,2165.0,207919.83398928016
705,2166.0,144936.75978100311
706,2167.0,214952.54711436538
707,2168.0,184284.67471811827
708,2169.0,202793.96727016405
709,2170.0,240645.4002650663
710,2171.0,155123.45799557818
711,2172.0,144402.18656444584
712,2173.0,146565.2791924827
713,2174.0,231980.5746552731
714,2175.0,275612.5028868114
715,2176.0,298399.13457630307
716,2177.0,245008.976783767
717,2178.0,223945.38057952083
718,2179.0,136994.7116597913
719,2180.0,211883.10780668585
720,2181.0,202768.98007841024
721,2182.0,235707.64247305947
722,2183.0,201579.22275597102
723,2184.0,128318.09633828758
724,2185.0,134505.4830942445
725,2186.0,144546.83307787206
726,2187.0,141360.1671476151
727,2188.0,165200.96499105252
728,2189.0,301003.23260483844
729,2190.0,96712.0959422451
730,2191.0,79093.42547947855
731,2192.0,94501.25232894532
732,2193.0,149280.46689257864
733,2194.0,129278.20771323785
734,2195.0,123706.79796713195
735,2196.0,99742.74020156951
736,2197.0,125098.30918363133
737,2198.0,166694.30353666644
738,2199.0,202483.08827162033
739,2200.0,141132.2458663697
740,2201.0,142793.5361629303
741,2202.0,187316.4181799508
742,2203.0,118908.766283995
743,2204.0,151585.26244265167
744,2205.0,113051.89673776948
745,2206.0,131924.85452721792
746,2207.0,230656.8703048256
747,2208.0,239476.1618182601
748,2209.0,225487.932929461
749,2210.0,115243.98867282702
750,2211.0,95975.96156380186
751,2212.0,94289.03202072927
752,2213.0,118288.45232188527
753,2214.0,118124.69471851434
754,2215.0,85558.69654188084
755,2216.0,151616.27296952473
756,2217.0,65450.78272553615
757,2218.0,113658.00014717702
758,2219.0,96014.87571391056
759,2220.0,29994.861041289987
760,2221.0,305488.1423925818
761,2222.0,267158.8511616163
762,2223.0,301126.31202394085
763,2224.0,215141.17844989907
764,2225.0,129264.40887607366
765,2226.0,186210.87436022854
766,2227.0,219984.74308062054
767,2228.0,287240.32641330117
768,2229.0,258052.15972101793
769,2230.0,122950.21978565631
770,2231.0,222064.64185714326
771,2232.0,177141.81650043046
772,2233.0,192410.94530719332
773,2234.0,253962.4245200603
774,2235.0,232076.51330649038
775,2236.0,259154.51902787865
776,2237.0,324623.7063775725
777,2238.0,190006.4359885821
778,2239.0,198966.33658065635
779,2240.0,153999.90362967737
780,2241.0,150656.29683250876
781,2242.0,120294.48002906202
782,2243.0,119332.35317750508
783,2244.0,94229.9682283568
784,2245.0,91439.92471304792
785,2246.0,143546.67565408698
786,2247.0,128625.08768567734
787,2248.0,111993.24244546006
788,2249.0,113557.57277908479
789,2250.0,118824.45133345528
790,2251.0,122037.52781681309
791,2252.0,188678.07358330407
792,2253.0,137520.65312326048
793,2254.0,155222.2939859822
794,2255.0,193902.72063118417
795,2256.0,184002.01071270206
796,2257.0,196078.8215476385
797,2258.0,152545.9289666674
798,2259.0,168923.40618092765
799,2260.0,140401.70806451957
800,2261.0,182178.25691215252
801,2262.0,209742.23118478153
802,2263.0,337782.65782032127
803,2264.0,434291.9906550369
804,2265.0,179158.26132314943
805,2266.0,268366.0697133747
806,2267.0,369645.3428100818
807,2268.0,223241.9106037242
808,2269.0,167117.25293730292
809,2270.0,209026.3322952598
810,2271.0,232460.29085101525
811,2272.0,241711.49575524288
812,2273.0,165936.700383781
813,2274.0,179348.71568507096
814,2275.0,182169.99624081934
815,2276.0,202645.20848926425
816,2277.0,177337.70333875716
817,2278.0,139365.395364917
818,2279.0,104101.39989794174
819,2280.0,97991.47199028928
820,2281.0,174088.00293611863
821,2282.0,191259.91354371037
822,2283.0,116442.5081224487
823,2284.0,108727.43451464688
824,2285.0,145375.7065875082
825,2286.0,113637.78477693617
826,2287.0,355211.0922152678
827,2288.0,285445.34789238754
828,2289.0,335436.20179989736
829,2290.0,408420.6016568339
830,2291.0,320257.631302451
831,2292.0,386915.3895802443
832,2293.0,436296.9907789661
833,2294.0,352662.3424492474
834,2295.0,445876.3037947824
835,2296.0,271910.86184563313
836,2297.0,340728.6411242578
837,2298.0,332755.3292930034
838,2299.0,342454.14160461514
839,2300.0,306677.4889295591
840,2301.0,309296.5955985943
841,2302.0,246085.18585455988
842,2303.0,236986.9105412399
843,2304.0,251544.45528289478
844,2305.0,223140.86120472243
845,2306.0,210524.93672832835
846,2307.0,210994.0923072087
847,2308.0,219780.79897499352
848,2309.0,282256.50385178823
849,2310.0,219402.40273777838
850,2311.0,216284.20322190307
851,2312.0,173624.18343408057
852,2313.0,171498.8218658117
853,2314.0,182235.67816774338
854,2315.0,195989.2404673748
855,2316.0,201934.53502376121
856,2317.0,200144.01375683164
857,2318.0,197974.73449204746
858,2319.0,197606.60345697834
859,2320.0,187067.58062897844
860,2321.0,242049.15764632472
861,2322.0,201188.41978552332
862,2323.0,185384.5605953032
863,2324.0,196756.27827870357
864,2325.0,234129.0847025779
865,2326.0,151972.01541954058
866,2327.0,203080.0242048247
867,2328.0,230628.39268916554
868,2329.0,184626.59872779087
869,2330.0,177637.37085450406
870,2331.0,341891.3912787769
871,2332.0,358937.3833181297
872,2333.0,299367.6962065289
873,2334.0,246608.60207261413
874,2335.0,267199.01749792683
875,2336.0,306403.8532473311
876,2337.0,201928.16696568963
877,2338.0,261734.6729590654
878,2339.0,241070.60723116877
879,2340.0,399818.351590401
880,2341.0,209165.06463480508
881,2342.0,228681.60979341366
882,2343.0,227412.3664728878
883,2344.0,227384.49345275643
884,2345.0,231472.96343327127
885,2346.0,219179.61697069136
886,2347.0,202964.4059616269
887,2348.0,257608.4983007966
888,2349.0,208497.99185812136
889,2350.0,297193.36426044116
890,2351.0,266336.77991204755
891,2352.0,253406.88968646002
892,2353.0,261866.3693315728
893,2354.0,151346.94482809491
894,2355.0,154902.86556063045
895,2356.0,148076.98546456022
896,2357.0,195013.90638237458
897,2358.0,203760.9434679869
898,2359.0,122154.86839301093
899,2360.0,112354.37391542282
900,2361.0,147139.16360724822
901,2362.0,271678.4567042623
902,2363.0,104449.20773884223
903,2364.0,174039.09799078957
904,2365.0,230214.15217627247
905,2366.0,204084.4712306508
906,2367.0,228600.60024883202
907,2368.0,215978.26990753587
908,2369.0,208680.48965384043
909,2370.0,165045.81020361243
910,2371.0,168543.68716230686
911,2372.0,194949.1610513553
912,2373.0,295635.4657544731
913,2374.0,330407.3119400643
914,2375.0,244424.27502467704
915,2376.0,315943.84674800595
916,2377.0,360342.6546021452
917,2378.0,122557.86354573118
918,2379.0,204057.59065960336
919,2380.0,145670.5107525275
920,2381.0,172108.3209236589
921,2382.0,208575.24450471194
922,2383.0,200541.97224066465
923,2384.0,252243.56705589534
924,2385.0,167473.45647041185
925,2386.0,124446.09657957137
926,2387.0,112838.94328985608
927,2388.0,101365.98513093602
928,2389.0,133521.79852172337
929,2390.0,132299.6432815008
930,2391.0,140039.13042936323
931,2392.0,108482.87887538353
932,2393.0,170887.5021478826
933,2394.0,124712.61249870318
934,2395.0,204099.53615510347
935,2396.0,138628.74652467435
936,2397.0,215334.96141257277
937,2398.0,98242.1325380305
938,2399.0,36357.17118621827
939,2400.0,54643.81684896455
940,2401.0,141433.32645409217
941,2402.0,135904.30104396062
942,2403.0,131759.92309506878
943,2404.0,137343.64855425828
944,2405.0,156251.83839901572
945,2406.0,134477.33523483318
946,2407.0,106141.17504803021
947,2408.0,147360.1366626612
948,2409.0,109556.52213100588
949,2410.0,194460.9712024472
950,2411.0,98167.0633712816
951,2412.0,153748.62269921333
952,2413.0,118509.4209978407
953,2414.0,146329.9937771468
954,2415.0,134940.22136281047
955,2416.0,132294.61368186038
956,2417.0,145069.31212337466
957,2418.0,117405.8136035658
958,2419.0,108678.616829635
959,2420.0,114842.96948098356
960,2421.0,14940.019706618274
961,2422.0,111148.97412999708
962,2423.0,131579.96001197142
963,2424.0,148619.02574172453
964,2425.0,242351.24369293253
965,2426.0,150617.97667172446
966,2427.0,157151.8492916812
967,2428.0,168272.98625440395
968,2429.0,106991.58532922994
969,2430.0,116320.65522111126
970,2431.0,85610.6225260233
971,2432.0,139567.81410692923
972,2433.0,140906.6061636986
973,2434.0,152057.00704591977
974,2435.0,154002.049925879
975,2436.0,119837.95273126871
976,2437.0,93878.22626845632
977,2438.0,98852.3652054012
978,2439.0,120367.25193283113
979,2440.0,128934.6220027348
980,2441.0,104855.19091879996
981,2442.0,88075.37887831836
982,2443.0,144366.9219773867
983,2444.0,146668.39554393862
984,2445.0,68815.98140034743
985,2446.0,152363.63691074762
986,2447.0,215669.7457355644
987,2448.0,151399.84833422932
988,2449.0,114715.3130747967
989,2450.0,160598.8171564791
990,2451.0,148685.8035020905
991,2452.0,200648.35151809442
992,2453.0,86027.18659753923
993,2454.0,110306.65017499984
994,2455.0,101912.38374145469
995,2456.0,184118.20917274442
996,2457.0,115171.06872928503
997,2458.0,135472.42092321813
998,2459.0,106933.61448929482
999,2460.0,141147.16089257167
1000,2461.0,115324.73063404346
1001,2462.0,119444.18607820757
1002,2463.0,127389.49944888719
1003,2464.0,185401.34867580922
1004,2465.0,152558.7934343574
1005,2466.0,107441.54927064176
1006,2467.0,145418.8214555605
1007,2468.0,88417.88843166281
1008,2469.0,91205.80339022656
1009,2470.0,181676.62669788953
1010,2471.0,222756.9099314335
1011,2472.0,202988.59723003977
1012,2473.0,89751.92758455791
1013,2474.0,76568.21114664606
1014,2475.0,235258.33421790611
1015,2476.0,98213.16780490894
1016,2477.0,113156.05974441569
1017,2478.0,156614.68230733473
1018,2479.0,94803.39190366736
1019,2480.0,147613.6000828148
1020,2481.0,125150.45551593124
1021,2482.0,138818.83592206216
1022,2483.0,90697.70621731586
1023,2484.0,117616.21428780828
1024,2485.0,122936.26442454162
1025,2486.0,123315.26620584179
1026,2487.0,195853.00411168288
1027,2488.0,175206.22056505876
1028,2489.0,143943.82337564055
1029,2490.0,152629.26897278498
1030,2491.0,76825.86954178219
1031,2492.0,198088.7912673693
1032,2493.0,147846.16240503953
1033,2494.0,147484.80246464082
1034,2495.0,70497.59518145921
1035,2496.0,258215.04153389076
1036,2497.0,168969.12529317965
1037,2498.0,94811.14358521113
1038,2499.0,87256.49048660859
1039,2500.0,101108.85985575162
1040,2501.0,127996.94137695024
1041,2502.0,138708.26323680463
1042,2503.0,86536.61788708053
1043,2504.0,29339.103545162594
1044,2505.0,214022.14692157926
1045,2506.0,276552.82686686725
1046,2507.0,310371.38672474003
1047,2508.0,277421.89442822547
1048,2509.0,227008.86181596667
1049,2510.0,223331.0760844187
1050,2511.0,180195.79019990622
1051,2512.0,214737.4192682464
1052,2513.0,241651.163148124
1053,2514.0,283370.66112374177
1054,2515.0,147721.78954827483
1055,2516.0,170455.2255659214
1056,2517.0,139395.40708014253
1057,2518.0,140194.40871461562
1058,2519.0,242319.90684771922
1059,2520.0,215816.34509443457
1060,2521.0,195937.59445584903
1061,2522.0,222928.5995925282
1062,2523.0,135964.9666381164
1063,2524.0,125471.29503768706
1064,2525.0,119080.45241865295
1065,2526.0,155268.3088523181
1066,2527.0,111459.24799839617
1067,2528.0,113217.80678836314
1068,2529.0,129439.28065547312
1069,2530.0,116239.15983959753
1070,2531.0,246353.83618444682
1071,2532.0,230343.00698305422
1072,2533.0,203279.31745646358
1073,2534.0,257661.20608846983
1074,2535.0,284081.5040476399
1075,2536.0,247018.4527336678
1076,2537.0,240974.0246718548
1077,2538.0,199258.46889151284
1078,2539.0,198826.21489789814
1079,2540.0,190586.69501117838
1080,2541.0,185846.8651023662
1081,2542.0,165560.1049345429
1082,2543.0,134967.2155724127
1083,2544.0,126443.57361812203
1084,2545.0,140235.4499319183
1085,2546.0,147768.74158043845
1086,2547.0,147987.0357472821
1087,2548.0,165666.6068176052
1088,2549.0,147164.85115231702
1089,2550.0,792009.3348729187
1090,2551.0,134210.60401545244
1091,2552.0,119175.05976204784
1092,2553.0,63881.97531298641
1093,2554.0,99603.96525728574
1094,2555.0,101783.18039196846
1095,2556.0,86785.69837727153
1096,2557.0,105965.509724873
1097,2558.0,178529.32657194743
1098,2559.0,137130.07377884106
1099,2560.0,143799.59837647527
1100,2561.0,140134.48111724725
1101,2562.0,125937.53432908235
1102,2563.0,132859.3915212663
1103,2564.0,174270.69747757562
1104,2565.0,139675.98448182375
1105,2566.0,136631.6829920984
1106,2567.0,120630.13497324265
1107,2568.0,215370.65005645377
1108,2569.0,220624.48476651777
1109,2570.0,115950.84713363263
1110,2571.0,173225.28437458863
1111,2572.0,158778.35117520962
1112,2573.0,240023.0362951808
1113,2574.0,297498.3778333053
1114,2575.0,150276.64413763315
1115,2576.0,159667.43043970608
1116,2577.0,178310.859815459
1117,2578.0,86005.35003109335
1118,2579.0,37286.580327900825
1119,2580.0,108910.4656472333
1120,2581.0,125901.91869616124
1121,2582.0,151811.74618822767
1122,2583.0,284414.91935662366
1123,2584.0,186218.89369966474
1124,2585.0,193165.91721982753
1125,2586.0,226296.29458931054
1126,2587.0,196768.97680629848
1127,2588.0,134695.4381702483
1128,2589.0,149455.8710127984
1129,2590.0,233526.8732278935
1130,2591.0,250872.32854988484
1131,2592.0,223619.72978729918
1132,2593.0,252993.08026580443
1133,2594.0,180507.7106870124
1134,2595.0,210988.59314975608
1135,2596.0,319329.6214462387
1136,2597.0,192202.2747524015
1137,2598.0,275526.85858622077
1138,2599.0,198378.8250757947
1139,2600.0,10584.140312256757
1140,2601.0,134102.50772329455
1141,2602.0,55510.2097084492
1142,2603.0,77618.36818257463
1143,2604.0,84366.47324034979
1144,2605.0,52823.7421755346
1145,2606.0,147809.22355365218
1146,2607.0,205690.4959490446
1147,2608.0,206697.8223177191
1148,2609.0,170516.4123897073
1149,2610.0,116653.40324673371
1150,2611.0,144205.9558095747
1151,2612.0,152220.845525663
1152,2613.0,127550.40303770814
1153,2614.0,101032.2824483841
1154,2615.0,163375.33052151778
1155,2616.0,158480.56148434698
1156,2617.0,209659.12947018596
1157,2618.0,274529.8815978677
1158,2619.0,216305.05891179782
1159,2620.0,168989.41774051776
1160,2621.0,172533.29198189348
1161,2622.0,182432.80597424682
1162,2623.0,232328.7022360788
1163,2624.0,302521.98779969185
1164,2625.0,277258.69622813386
1165,2626.0,167455.34503770596
1166,2627.0,147178.7980958476
1167,2628.0,405523.6868758785
1168,2629.0,432008.99483634124
1169,2630.0,335883.78688789974
1170,2631.0,423177.07460329623
1171,2632.0,372887.00254807924
1172,2633.0,283881.87192727707
1173,2634.0,368038.9764017019
1174,2635.0,157819.92421545798
1175,2636.0,162212.44083058822
1176,2637.0,204854.143370313
1177,2638.0,274636.3686084582
1178,2639.0,183414.80343096668
1179,2640.0,147591.29861394502
1180,2641.0,96741.17845689517
1181,2642.0,193324.01726705057
1182,2643.0,102265.62917134457
1183,2644.0,117842.64847619494
1184,2645.0,111512.12421840569
1185,2646.0,96779.56133888196
1186,2647.0,109543.54143295286
1187,2648.0,129392.31751880259
1188,2649.0,145102.96389368398
1189,2650.0,128812.80639194732
1190,2651.0,144050.72502619727
1191,2652.0,370391.99157399056
1192,2653.0,248527.2582179337
1193,2654.0,262698.230249119
1194,2655.0,367003.739091938
1195,2656.0,320332.7135271726
1196,2657.0,337431.7691632409
1197,2658.0,286395.6655974558
1198,2659.0,302428.3935889774
1199,2660.0,343040.08603474963
1200,2661.0,344294.6577624923
1201,2662.0,354469.52079043735
1202,2663.0,266381.3214884639
1203,2664.0,270316.91136216384
1204,2665.0,321354.6564241067
1205,2666.0,291430.0529472809
1206,2667.0,189832.6893699139
1207,2668.0,194150.06133262452
1208,2669.0,199143.022663465
1209,2670.0,288238.1420575564
1210,2671.0,202057.36109914095
1211,2672.0,205417.6482808023
1212,2673.0,201190.0722035414
1213,2674.0,201259.7709497665
1214,2675.0,189076.9802141986
1215,2676.0,204611.66474033974
1216,2677.0,203622.186593796
1217,2678.0,254425.06489513698
1218,2679.0,267964.26263096894
1219,2680.0,272921.84911665565
1220,2681.0,376348.7814611377
1221,2682.0,314649.6674196699
1222,2683.0,452514.6532819286
1223,2684.0,303426.9828416117
1224,2685.0,309097.32331451075
1225,2686.0,268286.07848268154
1226,2687.0,273600.39514574525
1227,2688.0,220956.82229009736
1228,2689.0,217669.54566050996
1229,2690.0,381267.69738389156
1230,2691.0,195967.7421901147
1231,2692.0,148366.51868043456
1232,2693.0,212931.75374746043
1233,2694.0,150277.83995370532
1234,2695.0,197399.19608620822
1235,2696.0,183790.4320938323
1236,2697.0,182652.0514587228
1237,2698.0,237072.21918828855
1238,2699.0,179726.83181517106
1239,2700.0,158694.58278589358
1240,2701.0,140744.98900355946
1241,2702.0,93861.58229820908
1242,2703.0,113365.79636715422
1243,2704.0,147265.86599784507
1244,2705.0,86084.5604659802
1245,2706.0,73012.08389155508
1246,2707.0,106789.75992188335
1247,2708.0,118478.72065766319
1248,2709.0,112300.33345952432
1249,2710.0,107984.09326645394
1250,2711.0,294167.85303269373
1251,2712.0,375804.23647749366
1252,2713.0,178239.05311241525
1253,2714.0,151660.67237876018
1254,2715.0,185490.19101783552
1255,2716.0,143805.00365989655
1256,2717.0,195333.60238195618
1257,2718.0,217449.7588287393
1258,2719.0,182829.2632997079
1259,2720.0,181216.92964070872
1260,2721.0,125725.00790548639
1261,2722.0,193179.96274948458
1262,2723.0,166184.82901255367
1263,2724.0,127684.33943694702
1264,2725.0,113850.3687245592
1265,2726.0,136047.66107277258
1266,2727.0,198500.7049780836
1267,2728.0,185539.53962023964
1268,2729.0,138887.47942732717
1269,2730.0,140639.73953425873
1270,2731.0,121897.40937382996
1271,2732.0,129988.83500274003
1272,2733.0,154440.70999207522
1273,2734.0,177502.7327796988
1274,2735.0,141192.3889610857
1275,2736.0,132301.41931828263
1276,2737.0,107086.79327834747
1277,2738.0,120811.85101105191
1278,2739.0,145271.6216875991
1279,2740.0,137702.1325941129
1280,2741.0,136510.90879165696
1281,2742.0,181928.76425202272
1282,2743.0,150806.22990047187
1283,2744.0,152665.83335899538
1284,2745.0,154807.91573991103
1285,2746.0,118330.03609664121
1286,2747.0,154035.1801227174
1287,2748.0,109374.9502248189
1288,2749.0,124572.27493598603
1289,2750.0,132144.3964592818
1290,2751.0,118635.758068742
1291,2752.0,243134.31706013973
1292,2753.0,160253.61172850977
1293,2754.0,261232.98717411153
1294,2755.0,138628.541886835
1295,2756.0,84691.93200187467
1296,2757.0,70865.46162902238
1297,2758.0,59252.583854864235
1298,2759.0,170712.31459171884
1299,2760.0,125707.89118659089
1300,2761.0,139348.07641314145
1301,2762.0,130756.56415726885
1302,2763.0,170223.21673863265
1303,2764.0,157966.43650593504
1304,2765.0,273061.79557027493
1305,2766.0,149315.21756684373
1306,2767.0,71960.79335295502
1307,2768.0,126295.8395799445
1308,2769.0,123491.23811732372
1309,2770.0,150238.8304630831
1310,2771.0,103745.19878071663
1311,2772.0,112030.49649340671
1312,2773.0,164665.0599605773
1313,2774.0,156771.36896788597
1314,2775.0,115904.45774964604
1315,2776.0,148988.13012656802
1316,2777.0,163390.79784202075
1317,2778.0,110685.11930736422
1318,2779.0,116735.37713437027
1319,2780.0,113623.25934678584
1320,2781.0,97743.06066158123
1321,2782.0,82857.95206767379
1322,2783.0,98491.55936380778
1323,2784.0,123624.88806357782
1324,2785.0,140073.51429990912
1325,2786.0,26706.696254959796
1326,2787.0,106375.20509625098
1327,2788.0,48306.6763595416
1328,2789.0,157604.62884636864
1329,2790.0,101583.71378896723
1330,2791.0,129680.74044084991
1331,2792.0,44555.487354153534
1332,2793.0,171664.0316854301
1333,2794.0,93653.25143232325
1334,2795.0,112916.84333176003
1335,2796.0,84948.30721340713
1336,2797.0,251816.5426109346
1337,2798.0,108119.96691411198
1338,2799.0,101642.4179946084
1339,2800.0,76384.8452904512
1340,2801.0,133120.1406367633
1341,2802.0,135969.0863273096
1342,2803.0,194332.29267514078
1343,2804.0,142435.25591927138
1344,2805.0,118977.9696173264
1345,2806.0,65475.23727993551
1346,2807.0,165808.2517255029
1347,2808.0,159732.66220029746
1348,2809.0,127459.56104135723
1349,2810.0,124300.77488019166
1350,2811.0,177241.55425820162
1351,2812.0,144077.67532614886
1352,2813.0,152836.26146334677
1353,2814.0,142736.95195886015
1354,2815.0,95566.13709474646
1355,2816.0,250923.37271986774
1356,2817.0,171467.50734255905
1357,2818.0,133260.65571790037
1358,2819.0,191974.09241485957
1359,2820.0,137537.01543901092
1360,2821.0,127381.67720894446
1361,2822.0,185842.65396455396
1362,2823.0,336004.25003679283
1363,2824.0,197279.36277311703
1364,2825.0,155581.2716488503
1365,2826.0,148039.8819996803
1366,2827.0,129139.17851984466
1367,2828.0,249297.46173936257
1368,2829.0,214020.2083678319
1369,2830.0,245799.11762801558
1370,2831.0,209157.12717767002
1371,2832.0,261605.1023042592
1372,2833.0,304994.21385465516
1373,2834.0,243136.06787233206
1374,2835.0,234301.22237510572
1375,2836.0,214219.04068622598
1376,2837.0,176783.65502148622
1377,2838.0,134482.28987879853
1378,2839.0,168237.6218895805
1379,2840.0,190081.92378952669
1380,2841.0,212141.27627487713
1381,2842.0,234127.495298472
1382,2843.0,159925.24326640705
1383,2844.0,156378.8145961844
1384,2845.0,115891.40840339672
1385,2846.0,214208.50861366815
1386,2847.0,197937.97481834178
1387,2848.0,224243.84847630828
1388,2849.0,203650.06536676583
1389,2850.0,281400.54348370095
1390,2851.0,228767.97510444035
1391,2852.0,236990.73599674145
1392,2853.0,236672.8041260899
1393,2854.0,145967.81880122435
1394,2855.0,208972.56978376769
1395,2856.0,213194.9581659322
1396,2857.0,198576.94568437606
1397,2858.0,219167.85246468638
1398,2859.0,121597.1458392496
1399,2860.0,172175.1731637686
1400,2861.0,142765.46629995527
1401,2862.0,226329.25382706884
1402,2863.0,132497.99767587078
1403,2864.0,261747.33073870826
1404,2865.0,128830.74886164418
1405,2866.0,156244.82040679606
1406,2867.0,76412.8817944976
1407,2868.0,138595.37844860915
1408,2869.0,123260.48500894418
1409,2870.0,133090.24297271902
1410,2871.0,95748.43136546842
1411,2872.0,28071.02488634875
1412,2873.0,86341.64199561079
1413,2874.0,109912.3014582115
1414,2875.0,144393.75978285202
1415,2876.0,183166.88129554398
1416,2877.0,145728.28319996747
1417,2878.0,173885.96934575087
1418,2879.0,147057.5690758602
1419,2880.0,82864.27363573504
1420,2881.0,150571.37228826364
1421,2882.0,175643.87987650558
1422,2883.0,201403.06050017918
1423,2884.0,187452.62114326633
1424,2885.0,157338.1067569357
1425,2886.0,245740.49458027852
1426,2887.0,117735.495886878
1427,2888.0,156899.35225767863
1428,2889.0,29374.206737156725
1429,2890.0,58824.88967463083
1430,2891.0,146910.69643582706
1431,2892.0,58800.57861379534
1432,2893.0,64758.34944390494
1433,2894.0,22641.824643605156
1434,2895.0,312435.26321790507
1435,2896.0,270602.7318654149
1436,2897.0,209710.6664579505
1437,2898.0,146306.26046670356
1438,2899.0,221929.2795673582
1439,2900.0,148993.0936272886
1440,2901.0,250118.4797418072
1441,2902.0,196783.5544154998
1442,2903.0,323947.68735412555
1443,2904.0,341055.15588156064
1444,2905.0,103672.87125657627
1445,2906.0,181663.20394359657
1446,2907.0,104481.5096906434
1447,2908.0,108477.69186728413
1448,2909.0,146122.57374979567
1449,2910.0,73248.19156229054
1450,2911.0,57667.77937409608
1451,2912.0,137539.26760485757
1452,2913.0,66846.02760496747
1453,2914.0,61862.94113701524
1454,2915.0,77030.27426131105
1455,2916.0,73633.36690801033
1456,2917.0,175130.89216357435
1457,2918.0,132214.6457333843
1458,2919.0,226448.94737139554
